{"table":[{"block":10993627,"timestamp":1631883596,"swapAmountBNB":30,"uniswapv2buyprice":12309.87,"sushiswapv2buyprice":12314.89,"bakeryswapbuyprice":12498.24,"uniswapv2sellprice":12247.14,"sushiswapv2sellprice":12272.41,"bakeryswapsellprice":12061.15},{"block":10993544,"timestamp":1631883347,"swapAmountBNB":30,"uniswapv2buyprice":12306.55,"sushiswapv2buyprice":12268.59,"bakeryswapbuyprice":12498.24,"uniswapv2sellprice":12243.84,"sushiswapv2sellprice":12226.3,"bakeryswapsellprice":12061.15},{"block":10993545,"timestamp":1631883350,"swapAmountBNB":30,"uniswapv2buyprice":12306.56,"sushiswapv2buyprice":12268.59,"bakeryswapbuyprice":12498.24,"uniswapv2sellprice":12243.85,"sushiswapv2sellprice":12226.3,"bakeryswapsellprice":12061.15},{"block":10993628,"timestamp":1631883599,"swapAmountBNB":30,"uniswapv2buyprice":12309.96,"sushiswapv2buyprice":12314.89,"bakeryswapbuyprice":12498.24,"uniswapv2sellprice":12247.24,"sushiswapv2sellprice":12272.41,"bakeryswapsellprice":12061.15},{"block":10993546,"timestamp":1631883353,"swapAmountBNB":30,"uniswapv2buyprice":12306.8,"sushiswapv2buyprice":12268.59,"bakeryswapbuyprice":12498.24,"uniswapv2sellprice":12244.09,"sushiswapv2sellprice":12226.3,"bakeryswapsellprice":12061.15},{"block":10993629,"timestamp":1631883602,"swapAmountBNB":30,"uniswapv2buyprice":12310,"sushiswapv2buyprice":12314.89,"bakeryswapbuyprice":12498.24,"uniswapv2sellprice":12247.27,"sushiswapv2sellprice":12272.41,"bakeryswapsellprice":12061.15},{"block":10993547,"timestamp":1631883356,"swapAmountBNB":30,"uniswapv2buyprice":12306.8,"sushiswapv2buyprice":12268.59,"bakeryswapbuyprice":12498.24,"uniswapv2sellprice":12244.09,"sushiswapv2sellprice":12226.3,"bakeryswapsellprice":12061.15},{"block":10993630,"timestamp":1631883605,"swapAmountBNB":30,"uniswapv2buyprice":12309.78,"sushiswapv2buyprice":12314.89,"bakeryswapbuyprice":12498.24,"uniswapv2sellprice":12247.05,"sushiswapv2sellprice":12272.41,"bakeryswapsellprice":12061.15},{"block":10993548,"timestamp":1631883359,"swapAmountBNB":30,"uniswapv2buyprice":12306.81,"sushiswapv2buyprice":12268.59,"bakeryswapbuyprice":12498.24,"uniswapv2sellprice":12244.1,"sushiswapv2sellprice":12226.3,"bakeryswapsellprice":12061.15},{"block":10993631,"timestamp":1631883608,"swapAmountBNB":30,"uniswapv2buyprice":12309.79,"sushiswapv2buyprice":12314.86,"bakeryswapbuyprice":12498.24,"uniswapv2sellprice":12247.06,"sushiswapv2sellprice":12272.38,"bakeryswapsellprice":12061.15},{"block":10993549,"timestamp":1631883362,"swapAmountBNB":30,"uniswapv2buyprice":12306.81,"sushiswapv2buyprice":12268.73,"bakeryswapbuyprice":12498.24,"uniswapv2sellprice":12244.1,"sushiswapv2sellprice":12226.45,"bakeryswapsellprice":12061.15},{"block":10993632,"timestamp":1631883611,"swapAmountBNB":30,"uniswapv2buyprice":12309.77,"sushiswapv2buyprice":12314.86,"bakeryswapbuyprice":12498.24,"uniswapv2sellprice":12247.05,"sushiswapv2sellprice":12272.38,"bakeryswapsellprice":12061.15},{"block":10993550,"timestamp":1631883365,"swapAmountBNB":30,"uniswapv2buyprice":12306.73,"sushiswapv2buyprice":12268.81,"bakeryswapbuyprice":12498.24,"uniswapv2sellprice":12244.02,"sushiswapv2sellprice":12226.52,"bakeryswapsellprice":12061.15},{"block":10993551,"timestamp":1631883368,"swapAmountBNB":30,"uniswapv2buyprice":12306.61,"sushiswapv2buyprice":12275.62,"bakeryswapbuyprice":12498.24,"uniswapv2sellprice":12243.79,"sushiswapv2sellprice":12233.31,"bakeryswapsellprice":12061.15},{"block":10993633,"timestamp":1631883614,"swapAmountBNB":30,"uniswapv2buyprice":12309.77,"sushiswapv2buyprice":12321.44,"bakeryswapbuyprice":12498.24,"uniswapv2sellprice":12247.05,"sushiswapv2sellprice":12278.93,"bakeryswapsellprice":12061.15},{"block":10993552,"timestamp":1631883371,"swapAmountBNB":30,"uniswapv2buyprice":12306.61,"sushiswapv2buyprice":12275.62,"bakeryswapbuyprice":12498.24,"uniswapv2sellprice":12243.9,"sushiswapv2sellprice":12233.31,"bakeryswapsellprice":12061.15},{"block":10993634,"timestamp":1631883617,"swapAmountBNB":30,"uniswapv2buyprice":12309.75,"sushiswapv2buyprice":12321.56,"bakeryswapbuyprice":12498.24,"uniswapv2sellprice":12247.02,"sushiswapv2sellprice":12279.06,"bakeryswapsellprice":12061.15},{"block":10993553,"timestamp":1631883374,"swapAmountBNB":30,"uniswapv2buyprice":12306.49,"sushiswapv2buyprice":12275.62,"bakeryswapbuyprice":12498.24,"uniswapv2sellprice":12243.78,"sushiswapv2sellprice":12233.31,"bakeryswapsellprice":12061.15},{"block":10993635,"timestamp":1631883620,"swapAmountBNB":30,"uniswapv2buyprice":12309.73,"sushiswapv2buyprice":12321.56,"bakeryswapbuyprice":12498.24,"uniswapv2sellprice":12247,"sushiswapv2sellprice":12279.06,"bakeryswapsellprice":12061.15},{"block":10993554,"timestamp":1631883377,"swapAmountBNB":30,"uniswapv2buyprice":12306.49,"sushiswapv2buyprice":12275.62,"bakeryswapbuyprice":12498.24,"uniswapv2sellprice":12243.78,"sushiswapv2sellprice":12233.31,"bakeryswapsellprice":12061.15},{"block":10993555,"timestamp":1631883380,"swapAmountBNB":30,"uniswapv2buyprice":12306.35,"sushiswapv2buyprice":12275.67,"bakeryswapbuyprice":12498.24,"uniswapv2sellprice":12243.64,"sushiswapv2sellprice":12233.35,"bakeryswapsellprice":12061.15},{"block":10993636,"timestamp":1631883623,"swapAmountBNB":30,"uniswapv2buyprice":12309.64,"sushiswapv2buyprice":12321.56,"bakeryswapbuyprice":12498.24,"uniswapv2sellprice":12246.91,"sushiswapv2sellprice":12279.06,"bakeryswapsellprice":12061.15},{"block":10993556,"timestamp":1631883383,"swapAmountBNB":30,"uniswapv2buyprice":12306.38,"sushiswapv2buyprice":12275.67,"bakeryswapbuyprice":12498.24,"uniswapv2sellprice":12243.67,"sushiswapv2sellprice":12233.35,"bakeryswapsellprice":12061.15},{"block":10993637,"timestamp":1631883626,"swapAmountBNB":30,"uniswapv2buyprice":12309.57,"sushiswapv2buyprice":12321.56,"bakeryswapbuyprice":12498.24,"uniswapv2sellprice":12246.85,"sushiswapv2sellprice":12279.06,"bakeryswapsellprice":12061.15},{"block":10993557,"timestamp":1631883386,"swapAmountBNB":30,"uniswapv2buyprice":12306.44,"sushiswapv2buyprice":12275.67,"bakeryswapbuyprice":12498.24,"uniswapv2sellprice":12243.74,"sushiswapv2sellprice":12233.35,"bakeryswapsellprice":12061.15},{"block":10993558,"timestamp":1631883389,"swapAmountBNB":30,"uniswapv2buyprice":12306.41,"sushiswapv2buyprice":12275.67,"bakeryswapbuyprice":12498.24,"uniswapv2sellprice":12243.7,"sushiswapv2sellprice":12233.35,"bakeryswapsellprice":12061.15},{"block":10993638,"timestamp":1631883629,"swapAmountBNB":30,"uniswapv2buyprice":12309.29,"sushiswapv2buyprice":12321.56,"bakeryswapbuyprice":12498.24,"uniswapv2sellprice":12246.56,"sushiswapv2sellprice":12279.06,"bakeryswapsellprice":12061.15},{"block":10993559,"timestamp":1631883392,"swapAmountBNB":30,"uniswapv2buyprice":12306.44,"sushiswapv2buyprice":12275.67,"bakeryswapbuyprice":12498.24,"uniswapv2sellprice":12243.73,"sushiswapv2sellprice":12233.35,"bakeryswapsellprice":12061.15},{"block":10993639,"timestamp":1631883632,"swapAmountBNB":30,"uniswapv2buyprice":12309.25,"sushiswapv2buyprice":12318.48,"bakeryswapbuyprice":12498.24,"uniswapv2sellprice":12246.52,"sushiswapv2sellprice":12275.98,"bakeryswapsellprice":12061.15},{"block":10993560,"timestamp":1631883395,"swapAmountBNB":30,"uniswapv2buyprice":12306.44,"sushiswapv2buyprice":12275.67,"bakeryswapbuyprice":12498.24,"uniswapv2sellprice":12243.73,"sushiswapv2sellprice":12233.35,"bakeryswapsellprice":12061.15},{"block":10993640,"timestamp":1631883635,"swapAmountBNB":30,"uniswapv2buyprice":12309.25,"sushiswapv2buyprice":12318.48,"bakeryswapbuyprice":12498.24,"uniswapv2sellprice":12246.53,"sushiswapv2sellprice":12275.98,"bakeryswapsellprice":12061.15},{"block":10993561,"timestamp":1631883398,"swapAmountBNB":30,"uniswapv2buyprice":12306.4,"sushiswapv2buyprice":12275.61,"bakeryswapbuyprice":12498.24,"uniswapv2sellprice":12243.69,"sushiswapv2sellprice":12233.29,"bakeryswapsellprice":12061.15},{"block":10993641,"timestamp":1631883638,"swapAmountBNB":30,"uniswapv2buyprice":12309.25,"sushiswapv2buyprice":12318.48,"bakeryswapbuyprice":12498.24,"uniswapv2sellprice":12246.53,"sushiswapv2sellprice":12275.98,"bakeryswapsellprice":12061.15},{"block":10993562,"timestamp":1631883401,"swapAmountBNB":30,"uniswapv2buyprice":12306.35,"sushiswapv2buyprice":12275.61,"bakeryswapbuyprice":12498.24,"uniswapv2sellprice":12243.64,"sushiswapv2sellprice":12233.29,"bakeryswapsellprice":12061.15},{"block":10993642,"timestamp":1631883641,"swapAmountBNB":30,"uniswapv2buyprice":12309.41,"sushiswapv2buyprice":12318.48,"bakeryswapbuyprice":12498.24,"uniswapv2sellprice":12246.69,"sushiswapv2sellprice":12275.98,"bakeryswapsellprice":12061.15},{"block":10993563,"timestamp":1631883404,"swapAmountBNB":30,"uniswapv2buyprice":12306.31,"sushiswapv2buyprice":12275.61,"bakeryswapbuyprice":12498.24,"uniswapv2sellprice":12243.6,"sushiswapv2sellprice":12233.29,"bakeryswapsellprice":12061.15},{"block":10993643,"timestamp":1631883644,"swapAmountBNB":30,"uniswapv2buyprice":12309.22,"sushiswapv2buyprice":12318.48,"bakeryswapbuyprice":12498.24,"uniswapv2sellprice":12246.49,"sushiswapv2sellprice":12275.98,"bakeryswapsellprice":12061.15},{"block":10993564,"timestamp":1631883407,"swapAmountBNB":30,"uniswapv2buyprice":12306.3,"sushiswapv2buyprice":12275.61,"bakeryswapbuyprice":12498.24,"uniswapv2sellprice":12243.59,"sushiswapv2sellprice":12233.29,"bakeryswapsellprice":12061.15},{"block":10993644,"timestamp":1631883647,"swapAmountBNB":30,"uniswapv2buyprice":12309.22,"sushiswapv2buyprice":12311.91,"bakeryswapbuyprice":12498.24,"uniswapv2sellprice":12246.49,"sushiswapv2sellprice":12269.44,"bakeryswapsellprice":12061.15},{"block":10993565,"timestamp":1631883410,"swapAmountBNB":30,"uniswapv2buyprice":12306.35,"sushiswapv2buyprice":12275.61,"bakeryswapbuyprice":12498.24,"uniswapv2sellprice":12243.64,"sushiswapv2sellprice":12233.29,"bakeryswapsellprice":12061.15},{"block":10993566,"timestamp":1631883413,"swapAmountBNB":30,"uniswapv2buyprice":12311.29,"sushiswapv2buyprice":12275.61,"bakeryswapbuyprice":12498.24,"uniswapv2sellprice":12248.55,"sushiswapv2sellprice":12233.29,"bakeryswapsellprice":12061.15},{"block":10993645,"timestamp":1631883650,"swapAmountBNB":30,"uniswapv2buyprice":12309.01,"sushiswapv2buyprice":12311.91,"bakeryswapbuyprice":12498.24,"uniswapv2sellprice":12246.28,"sushiswapv2sellprice":12269.44,"bakeryswapsellprice":12061.15},{"block":10993646,"timestamp":1631883653,"swapAmountBNB":30,"uniswapv2buyprice":12308.74,"sushiswapv2buyprice":12311.91,"bakeryswapbuyprice":12498.24,"uniswapv2sellprice":12246.02,"sushiswapv2sellprice":12269.44,"bakeryswapsellprice":12061.15},{"block":10993647,"timestamp":1631883656,"swapAmountBNB":30,"uniswapv2buyprice":12308.73,"sushiswapv2buyprice":12305.34,"bakeryswapbuyprice":12498.24,"uniswapv2sellprice":12246.01,"sushiswapv2sellprice":12262.91,"bakeryswapsellprice":12061.15},{"block":10993648,"timestamp":1631883659,"swapAmountBNB":30,"uniswapv2buyprice":12308.94,"sushiswapv2buyprice":12305.1,"bakeryswapbuyprice":12498.33,"uniswapv2sellprice":12246.21,"sushiswapv2sellprice":12262.67,"bakeryswapsellprice":12061.23},{"block":10993649,"timestamp":1631883662,"swapAmountBNB":30,"uniswapv2buyprice":12308.94,"sushiswapv2buyprice":12305.1,"bakeryswapbuyprice":12498.33,"uniswapv2sellprice":12246.21,"sushiswapv2sellprice":12262.67,"bakeryswapsellprice":12061.23},{"block":10993567,"timestamp":1631883416,"swapAmountBNB":30,"uniswapv2buyprice":12311.27,"sushiswapv2buyprice":12275.61,"bakeryswapbuyprice":12498.24,"uniswapv2sellprice":12248.53,"sushiswapv2sellprice":12233.29,"bakeryswapsellprice":12061.15},{"block":10993650,"timestamp":1631883665,"swapAmountBNB":30,"uniswapv2buyprice":12309.01,"sushiswapv2buyprice":12305.1,"bakeryswapbuyprice":12498.33,"uniswapv2sellprice":12246.29,"sushiswapv2sellprice":12262.67,"bakeryswapsellprice":12061.23},{"block":10993568,"timestamp":1631883419,"swapAmountBNB":30,"uniswapv2buyprice":12311.22,"sushiswapv2buyprice":12275.61,"bakeryswapbuyprice":12498.24,"uniswapv2sellprice":12248.49,"sushiswapv2sellprice":12233.29,"bakeryswapsellprice":12061.15},{"block":10993651,"timestamp":1631883668,"swapAmountBNB":30,"uniswapv2buyprice":12309.04,"sushiswapv2buyprice":12305.1,"bakeryswapbuyprice":12498.33,"uniswapv2sellprice":12246.32,"sushiswapv2sellprice":12262.67,"bakeryswapsellprice":12061.23},{"block":10993569,"timestamp":1631883422,"swapAmountBNB":30,"uniswapv2buyprice":12311.24,"sushiswapv2buyprice":12275.44,"bakeryswapbuyprice":12498.24,"uniswapv2sellprice":12248.51,"sushiswapv2sellprice":12233.13,"bakeryswapsellprice":12061.15},{"block":10993570,"timestamp":1631883425,"swapAmountBNB":30,"uniswapv2buyprice":12311.38,"sushiswapv2buyprice":12275.44,"bakeryswapbuyprice":12498.24,"uniswapv2sellprice":12248.64,"sushiswapv2sellprice":12233.13,"bakeryswapsellprice":12061.15},{"block":10993652,"timestamp":1631883671,"swapAmountBNB":30,"uniswapv2buyprice":12308.53,"sushiswapv2buyprice":12305.1,"bakeryswapbuyprice":12498.33,"uniswapv2sellprice":12245.81,"sushiswapv2sellprice":12262.67,"bakeryswapsellprice":12061.23},{"block":10993653,"timestamp":1631883674,"swapAmountBNB":30,"uniswapv2buyprice":12336.81,"sushiswapv2buyprice":12305.1,"bakeryswapbuyprice":12498.33,"uniswapv2sellprice":12273.95,"sushiswapv2sellprice":12262.67,"bakeryswapsellprice":12061.23},{"block":10993571,"timestamp":1631883428,"swapAmountBNB":30,"uniswapv2buyprice":12311.25,"sushiswapv2buyprice":12275.44,"bakeryswapbuyprice":12498.24,"uniswapv2sellprice":12248.52,"sushiswapv2sellprice":12233.13,"bakeryswapsellprice":12061.15},{"block":10993654,"timestamp":1631883677,"swapAmountBNB":30,"uniswapv2buyprice":12336.81,"sushiswapv2buyprice":12305.1,"bakeryswapbuyprice":12498.33,"uniswapv2sellprice":12273.95,"sushiswapv2sellprice":12262.67,"bakeryswapsellprice":12061.23},{"block":10993572,"timestamp":1631883431,"swapAmountBNB":30,"uniswapv2buyprice":12310.93,"sushiswapv2buyprice":12281.99,"bakeryswapbuyprice":12498.24,"uniswapv2sellprice":12248.19,"sushiswapv2sellprice":12239.65,"bakeryswapsellprice":12061.15},{"block":10993573,"timestamp":1631883434,"swapAmountBNB":30,"uniswapv2buyprice":12310.93,"sushiswapv2buyprice":12281.99,"bakeryswapbuyprice":12498.24,"uniswapv2sellprice":12248.19,"sushiswapv2sellprice":12239.65,"bakeryswapsellprice":12061.15},{"block":10993655,"timestamp":1631883680,"swapAmountBNB":30,"uniswapv2buyprice":12336.78,"sushiswapv2buyprice":12305.1,"bakeryswapbuyprice":12498.33,"uniswapv2sellprice":12273.91,"sushiswapv2sellprice":12262.67,"bakeryswapsellprice":12061.23},{"block":10993574,"timestamp":1631883437,"swapAmountBNB":30,"uniswapv2buyprice":12310.91,"sushiswapv2buyprice":12281.99,"bakeryswapbuyprice":12498.24,"uniswapv2sellprice":12248.18,"sushiswapv2sellprice":12239.65,"bakeryswapsellprice":12061.15},{"block":10993656,"timestamp":1631883683,"swapAmountBNB":30,"uniswapv2buyprice":12337.12,"sushiswapv2buyprice":12305.23,"bakeryswapbuyprice":12498.33,"uniswapv2sellprice":12274.25,"sushiswapv2sellprice":12262.79,"bakeryswapsellprice":12061.23},{"block":10993575,"timestamp":1631883440,"swapAmountBNB":30,"uniswapv2buyprice":12310.36,"sushiswapv2buyprice":12281.99,"bakeryswapbuyprice":12498.24,"uniswapv2sellprice":12247.63,"sushiswapv2sellprice":12239.65,"bakeryswapsellprice":12061.15},{"block":10993657,"timestamp":1631883686,"swapAmountBNB":30,"uniswapv2buyprice":12337.12,"sushiswapv2buyprice":12298.64,"bakeryswapbuyprice":12498.33,"uniswapv2sellprice":12274.25,"sushiswapv2sellprice":12256.23,"bakeryswapsellprice":12061.23},{"block":10993576,"timestamp":1631883443,"swapAmountBNB":30,"uniswapv2buyprice":12310.36,"sushiswapv2buyprice":12281.99,"bakeryswapbuyprice":12498.24,"uniswapv2sellprice":12247.63,"sushiswapv2sellprice":12239.65,"bakeryswapsellprice":12061.15},{"block":10993658,"timestamp":1631883689,"swapAmountBNB":30,"uniswapv2buyprice":12337.12,"sushiswapv2buyprice":12298.64,"bakeryswapbuyprice":12498.33,"uniswapv2sellprice":12274.25,"sushiswapv2sellprice":12256.23,"bakeryswapsellprice":12061.23},{"block":10993577,"timestamp":1631883446,"swapAmountBNB":30,"uniswapv2buyprice":12309.87,"sushiswapv2buyprice":12281.99,"bakeryswapbuyprice":12498.24,"uniswapv2sellprice":12247.14,"sushiswapv2sellprice":12239.65,"bakeryswapsellprice":12061.15},{"block":10993578,"timestamp":1631883449,"swapAmountBNB":30,"uniswapv2buyprice":12309.7,"sushiswapv2buyprice":12281.88,"bakeryswapbuyprice":12498.24,"uniswapv2sellprice":12246.98,"sushiswapv2sellprice":12239.55,"bakeryswapsellprice":12061.15},{"block":10993659,"timestamp":1631883692,"swapAmountBNB":30,"uniswapv2buyprice":12337.12,"sushiswapv2buyprice":12298.57,"bakeryswapbuyprice":12498.33,"uniswapv2sellprice":12274.25,"sushiswapv2sellprice":12256.16,"bakeryswapsellprice":12061.23},{"block":10993579,"timestamp":1631883452,"swapAmountBNB":30,"uniswapv2buyprice":12309.6,"sushiswapv2buyprice":12281.88,"bakeryswapbuyprice":12498.24,"uniswapv2sellprice":12246.87,"sushiswapv2sellprice":12239.55,"bakeryswapsellprice":12061.15},{"block":10993580,"timestamp":1631883455,"swapAmountBNB":30,"uniswapv2buyprice":12309.57,"sushiswapv2buyprice":12293.96,"bakeryswapbuyprice":12498.24,"uniswapv2sellprice":12246.84,"sushiswapv2sellprice":12251.58,"bakeryswapsellprice":12061.15},{"block":10993660,"timestamp":1631883695,"swapAmountBNB":30,"uniswapv2buyprice":12337.09,"sushiswapv2buyprice":12298.56,"bakeryswapbuyprice":12498.33,"uniswapv2sellprice":12274.23,"sushiswapv2sellprice":12256.15,"bakeryswapsellprice":12061.23},{"block":10993581,"timestamp":1631883458,"swapAmountBNB":30,"uniswapv2buyprice":12309.59,"sushiswapv2buyprice":12293.96,"bakeryswapbuyprice":12498.24,"uniswapv2sellprice":12246.87,"sushiswapv2sellprice":12251.58,"bakeryswapsellprice":12061.15},{"block":10993582,"timestamp":1631883461,"swapAmountBNB":30,"uniswapv2buyprice":12309.62,"sushiswapv2buyprice":12293.96,"bakeryswapbuyprice":12498.24,"uniswapv2sellprice":12246.9,"sushiswapv2sellprice":12251.58,"bakeryswapsellprice":12061.15},{"block":10993661,"timestamp":1631883698,"swapAmountBNB":30,"uniswapv2buyprice":12337.09,"sushiswapv2buyprice":12298.56,"bakeryswapbuyprice":12498.33,"uniswapv2sellprice":12274.23,"sushiswapv2sellprice":12256.15,"bakeryswapsellprice":12061.23},{"block":10993583,"timestamp":1631883464,"swapAmountBNB":30,"uniswapv2buyprice":12309.48,"sushiswapv2buyprice":12293.96,"bakeryswapbuyprice":12498.24,"uniswapv2sellprice":12246.76,"sushiswapv2sellprice":12251.58,"bakeryswapsellprice":12061.15},{"block":10993662,"timestamp":1631883701,"swapAmountBNB":30,"uniswapv2buyprice":12336.99,"sushiswapv2buyprice":12298.56,"bakeryswapbuyprice":12498.33,"uniswapv2sellprice":12274.12,"sushiswapv2sellprice":12256.15,"bakeryswapsellprice":12061.23},{"block":10993584,"timestamp":1631883467,"swapAmountBNB":30,"uniswapv2buyprice":12309.46,"sushiswapv2buyprice":12293.96,"bakeryswapbuyprice":12498.24,"uniswapv2sellprice":12246.74,"sushiswapv2sellprice":12251.58,"bakeryswapsellprice":12061.15},{"block":10993663,"timestamp":1631883704,"swapAmountBNB":30,"uniswapv2buyprice":12336.75,"sushiswapv2buyprice":12298.56,"bakeryswapbuyprice":12498.33,"uniswapv2sellprice":12273.89,"sushiswapv2sellprice":12256.15,"bakeryswapsellprice":12061.23},{"block":10993585,"timestamp":1631883470,"swapAmountBNB":30,"uniswapv2buyprice":12309.84,"sushiswapv2buyprice":12296.48,"bakeryswapbuyprice":12498.24,"uniswapv2sellprice":12247.11,"sushiswapv2sellprice":12254.08,"bakeryswapsellprice":12061.15},{"block":10993586,"timestamp":1631883473,"swapAmountBNB":30,"uniswapv2buyprice":12309.85,"sushiswapv2buyprice":12296.42,"bakeryswapbuyprice":12498.24,"uniswapv2sellprice":12247.13,"sushiswapv2sellprice":12254.02,"bakeryswapsellprice":12061.15},{"block":10993664,"timestamp":1631883707,"swapAmountBNB":30,"uniswapv2buyprice":12336.69,"sushiswapv2buyprice":12298.56,"bakeryswapbuyprice":12498.33,"uniswapv2sellprice":12273.82,"sushiswapv2sellprice":12256.15,"bakeryswapsellprice":12061.23},{"block":10993587,"timestamp":1631883476,"swapAmountBNB":30,"uniswapv2buyprice":12309.32,"sushiswapv2buyprice":12296.35,"bakeryswapbuyprice":12498.24,"uniswapv2sellprice":12246.59,"sushiswapv2sellprice":12253.95,"bakeryswapsellprice":12061.15},{"block":10993665,"timestamp":1631883710,"swapAmountBNB":30,"uniswapv2buyprice":12333.5,"sushiswapv2buyprice":12299.44,"bakeryswapbuyprice":12498.33,"uniswapv2sellprice":12270.65,"sushiswapv2sellprice":12257.03,"bakeryswapsellprice":12061.23},{"block":10993588,"timestamp":1631883479,"swapAmountBNB":30,"uniswapv2buyprice":12309.36,"sushiswapv2buyprice":12296.35,"bakeryswapbuyprice":12498.24,"uniswapv2sellprice":12246.64,"sushiswapv2sellprice":12253.95,"bakeryswapsellprice":12061.15},{"block":10993589,"timestamp":1631883482,"swapAmountBNB":30,"uniswapv2buyprice":12309.18,"sushiswapv2buyprice":12296.35,"bakeryswapbuyprice":12498.24,"uniswapv2sellprice":12246.46,"sushiswapv2sellprice":12253.95,"bakeryswapsellprice":12061.15},{"block":10993666,"timestamp":1631883713,"swapAmountBNB":30,"uniswapv2buyprice":12333.52,"sushiswapv2buyprice":12299.44,"bakeryswapbuyprice":12498.33,"uniswapv2sellprice":12270.67,"sushiswapv2sellprice":12257.03,"bakeryswapsellprice":12061.23},{"block":10993590,"timestamp":1631883485,"swapAmountBNB":30,"uniswapv2buyprice":12309.21,"sushiswapv2buyprice":12295.6,"bakeryswapbuyprice":12498.24,"uniswapv2sellprice":12246.49,"sushiswapv2sellprice":12253.2,"bakeryswapsellprice":12061.15},{"block":10993667,"timestamp":1631883716,"swapAmountBNB":30,"uniswapv2buyprice":12333.28,"sushiswapv2buyprice":12299.44,"bakeryswapbuyprice":12498.33,"uniswapv2sellprice":12270.43,"sushiswapv2sellprice":12257.03,"bakeryswapsellprice":12061.23},{"block":10993668,"timestamp":1631883719,"swapAmountBNB":30,"uniswapv2buyprice":12333.21,"sushiswapv2buyprice":12292.89,"bakeryswapbuyprice":12498.33,"uniswapv2sellprice":12270.36,"sushiswapv2sellprice":12250.5,"bakeryswapsellprice":12061.23},{"block":10993669,"timestamp":1631883722,"swapAmountBNB":30,"uniswapv2buyprice":12332.95,"sushiswapv2buyprice":12292.89,"bakeryswapbuyprice":12498.33,"uniswapv2sellprice":12270.39,"sushiswapv2sellprice":12250.5,"bakeryswapsellprice":12061.23},{"block":10993591,"timestamp":1631883488,"swapAmountBNB":30,"uniswapv2buyprice":12309,"sushiswapv2buyprice":12295.6,"bakeryswapbuyprice":12498.24,"uniswapv2sellprice":12246.28,"sushiswapv2sellprice":12253.2,"bakeryswapsellprice":12061.15},{"block":10993593,"timestamp":1631883494,"swapAmountBNB":30,"uniswapv2buyprice":12309,"sushiswapv2buyprice":12295.6,"bakeryswapbuyprice":12498.24,"uniswapv2sellprice":12246.28,"sushiswapv2sellprice":12253.2,"bakeryswapsellprice":12061.15},{"block":10993592,"timestamp":1631883491,"swapAmountBNB":30,"uniswapv2buyprice":12309,"sushiswapv2buyprice":12295.6,"bakeryswapbuyprice":12498.24,"uniswapv2sellprice":12246.28,"sushiswapv2sellprice":12253.2,"bakeryswapsellprice":12061.15},{"block":10993594,"timestamp":1631883497,"swapAmountBNB":30,"uniswapv2buyprice":12309,"sushiswapv2buyprice":12295.6,"bakeryswapbuyprice":12498.24,"uniswapv2sellprice":12246.28,"sushiswapv2sellprice":12253.2,"bakeryswapsellprice":12061.15},{"block":10993595,"timestamp":1631883500,"swapAmountBNB":30,"uniswapv2buyprice":12309,"sushiswapv2buyprice":12295.6,"bakeryswapbuyprice":12498.24,"uniswapv2sellprice":12246.28,"sushiswapv2sellprice":12253.2,"bakeryswapsellprice":12061.15},{"block":10993596,"timestamp":1631883503,"swapAmountBNB":30,"uniswapv2buyprice":12309,"sushiswapv2buyprice":12302.16,"bakeryswapbuyprice":12498.24,"uniswapv2sellprice":12246.28,"sushiswapv2sellprice":12253.2,"bakeryswapsellprice":12061.15},{"block":10993670,"timestamp":1631883725,"swapAmountBNB":30,"uniswapv2buyprice":12332.95,"sushiswapv2buyprice":12292.89,"bakeryswapbuyprice":12498.33,"uniswapv2sellprice":12270.11,"sushiswapv2sellprice":12250.5,"bakeryswapsellprice":12061.23},{"block":10993672,"timestamp":1631883731,"swapAmountBNB":30,"uniswapv2buyprice":12332.95,"sushiswapv2buyprice":12292.89,"bakeryswapbuyprice":12498.33,"uniswapv2sellprice":12270.11,"sushiswapv2sellprice":12250.5,"bakeryswapsellprice":12061.23},{"block":10993597,"timestamp":1631883506,"swapAmountBNB":30,"uniswapv2buyprice":12309.36,"sushiswapv2buyprice":12302.01,"bakeryswapbuyprice":12498.24,"uniswapv2sellprice":12246.64,"sushiswapv2sellprice":12259.59,"bakeryswapsellprice":12061.15},{"block":10993598,"timestamp":1631883509,"swapAmountBNB":30,"uniswapv2buyprice":12309.36,"sushiswapv2buyprice":12302.01,"bakeryswapbuyprice":12498.24,"uniswapv2sellprice":12246.64,"sushiswapv2sellprice":12259.59,"bakeryswapsellprice":12061.15},{"block":10993600,"timestamp":1631883515,"swapAmountBNB":30,"uniswapv2buyprice":12309.36,"sushiswapv2buyprice":12302.01,"bakeryswapbuyprice":12498.24,"uniswapv2sellprice":12246.64,"sushiswapv2sellprice":12259.59,"bakeryswapsellprice":12061.15},{"block":10993673,"timestamp":1631883734,"swapAmountBNB":30,"uniswapv2buyprice":12332.67,"sushiswapv2buyprice":12292.88,"bakeryswapbuyprice":12498.33,"uniswapv2sellprice":12269.8,"sushiswapv2sellprice":12250.5,"bakeryswapsellprice":12061.23},{"block":10993674,"timestamp":1631883737,"swapAmountBNB":30,"uniswapv2buyprice":12332.67,"sushiswapv2buyprice":12292.88,"bakeryswapbuyprice":12498.33,"uniswapv2sellprice":12269.8,"sushiswapv2sellprice":12250.5,"bakeryswapsellprice":12061.23},{"block":10993675,"timestamp":1631883740,"swapAmountBNB":30,"uniswapv2buyprice":12321.26,"sushiswapv2buyprice":12292.88,"bakeryswapbuyprice":12498.33,"uniswapv2sellprice":12258.47,"sushiswapv2sellprice":12250.5,"bakeryswapsellprice":12061.23},{"block":10993676,"timestamp":1631883743,"swapAmountBNB":30,"uniswapv2buyprice":12321.26,"sushiswapv2buyprice":12292.88,"bakeryswapbuyprice":12498.33,"uniswapv2sellprice":12258.47,"sushiswapv2sellprice":12250.5,"bakeryswapsellprice":12061.23}]}}