{"table":[{"block":11015469,"timestamp":1631949232,"swapAmountBNB":20,"uniswapv2buyprice":8392.34,"sushiswapv2buyprice":8372.62,"bakeryswapbuyprice":8484.85,"apeswapBuyPrice":8388.36,"uniswapv2sellprice":8349.87,"sushiswapv2sellprice":8347.7,"bakeryswapsellprice":8267.53,"apeswapsellprice":8342.61},{"block":11015470,"timestamp":1631949235,"swapAmountBNB":20,"uniswapv2buyprice":8392.37,"sushiswapv2buyprice":8372.62,"bakeryswapbuyprice":8484.85,"apeswapBuyPrice":8388.36,"uniswapv2sellprice":8349.9,"sushiswapv2sellprice":8347.7,"bakeryswapsellprice":8267.53,"apeswapsellprice":8342.61},{"block":11015471,"timestamp":1631949238,"swapAmountBNB":20,"uniswapv2buyprice":8390.7,"sushiswapv2buyprice":8372.62,"bakeryswapbuyprice":8484.85,"apeswapBuyPrice":8388.36,"uniswapv2sellprice":8348.23,"sushiswapv2sellprice":8347.7,"bakeryswapsellprice":8267.53,"apeswapsellprice":8342.61},{"block":11015472,"timestamp":1631949241,"swapAmountBNB":20,"uniswapv2buyprice":8390.7,"sushiswapv2buyprice":8372.62,"bakeryswapbuyprice":8484.85,"apeswapBuyPrice":8388.36,"uniswapv2sellprice":8348.23,"sushiswapv2sellprice":8347.7,"bakeryswapsellprice":8267.53,"apeswapsellprice":8342.61},{"block":11015474,"timestamp":1631949247,"swapAmountBNB":20,"uniswapv2buyprice":8390.29,"sushiswapv2buyprice":8372.17,"bakeryswapbuyprice":8484.85,"apeswapBuyPrice":8388.24,"uniswapv2sellprice":8348.09,"sushiswapv2sellprice":8347.25,"bakeryswapsellprice":8267.53,"apeswapsellprice":8342.49},{"block":11015475,"timestamp":1631949250,"swapAmountBNB":20,"uniswapv2buyprice":8390.29,"sushiswapv2buyprice":8372.17,"bakeryswapbuyprice":8484.85,"apeswapBuyPrice":8388.24,"uniswapv2sellprice":8347.83,"sushiswapv2sellprice":8347.25,"bakeryswapsellprice":8267.53,"apeswapsellprice":8342.49},{"block":11015476,"timestamp":1631949253,"swapAmountBNB":20,"uniswapv2buyprice":8390.41,"sushiswapv2buyprice":8372.17,"bakeryswapbuyprice":8484.85,"apeswapBuyPrice":8388.24,"uniswapv2sellprice":8347.94,"sushiswapv2sellprice":8347.25,"bakeryswapsellprice":8267.53,"apeswapsellprice":8342.49},{"block":11015572,"timestamp":1631949541,"swapAmountBNB":20,"uniswapv2buyprice":8388.75,"sushiswapv2buyprice":8364.77,"bakeryswapbuyprice":8483.8,"apeswapBuyPrice":8389.21,"uniswapv2sellprice":8346.29,"sushiswapv2sellprice":8339.87,"bakeryswapsellprice":8266.51,"apeswapsellprice":8343.45},{"block":11015573,"timestamp":1631949544,"swapAmountBNB":20,"uniswapv2buyprice":8389.09,"sushiswapv2buyprice":8367,"bakeryswapbuyprice":8483.8,"apeswapBuyPrice":8385.98,"uniswapv2sellprice":8346.31,"sushiswapv2sellprice":8342.1,"bakeryswapsellprice":8266.51,"apeswapsellprice":8340.25},{"block":11015575,"timestamp":1631949550,"swapAmountBNB":20,"uniswapv2buyprice":8389.09,"sushiswapv2buyprice":8367,"bakeryswapbuyprice":8483.8,"apeswapBuyPrice":8385.98,"uniswapv2sellprice":8346.63,"sushiswapv2sellprice":8342.1,"bakeryswapsellprice":8266.51,"apeswapsellprice":8340.25},{"block":11015574,"timestamp":1631949547,"swapAmountBNB":20,"uniswapv2buyprice":8389.09,"sushiswapv2buyprice":8367,"bakeryswapbuyprice":8483.8,"apeswapBuyPrice":8385.98,"uniswapv2sellprice":8346.63,"sushiswapv2sellprice":8342.1,"bakeryswapsellprice":8266.51,"apeswapsellprice":8340.25},{"block":11015577,"timestamp":1631949556,"swapAmountBNB":20,"uniswapv2buyprice":8389.17,"sushiswapv2buyprice":8367,"bakeryswapbuyprice":8483.8,"apeswapBuyPrice":8385.98,"uniswapv2sellprice":8346.71,"sushiswapv2sellprice":8342.1,"bakeryswapsellprice":8266.51,"apeswapsellprice":8340.25},{"block":11015578,"timestamp":1631949559,"swapAmountBNB":20,"uniswapv2buyprice":8389.17,"sushiswapv2buyprice":8367,"bakeryswapbuyprice":8483.8,"apeswapBuyPrice":8385.98,"uniswapv2sellprice":8346.71,"sushiswapv2sellprice":8342.1,"bakeryswapsellprice":8266.51,"apeswapsellprice":8340.25},{"block":11015579,"timestamp":1631949562,"swapAmountBNB":20,"uniswapv2buyprice":8389,"sushiswapv2buyprice":8367,"bakeryswapbuyprice":8483.8,"apeswapBuyPrice":8386.21,"uniswapv2sellprice":8346.54,"sushiswapv2sellprice":8342.1,"bakeryswapsellprice":8266.51,"apeswapsellprice":8340.47},{"block":11015580,"timestamp":1631949565,"swapAmountBNB":20,"uniswapv2buyprice":8388.97,"sushiswapv2buyprice":8367,"bakeryswapbuyprice":8483.8,"apeswapBuyPrice":8386.21,"uniswapv2sellprice":8346.54,"sushiswapv2sellprice":8342.1,"bakeryswapsellprice":8266.51,"apeswapsellprice":8340.47},{"block":11015581,"timestamp":1631949568,"swapAmountBNB":20,"uniswapv2buyprice":8388.97,"sushiswapv2buyprice":8367,"bakeryswapbuyprice":8483.8,"apeswapBuyPrice":8386.21,"uniswapv2sellprice":8346.51,"sushiswapv2sellprice":8342.1,"bakeryswapsellprice":8266.51,"apeswapsellprice":8340.47},{"block":11015583,"timestamp":1631949574,"swapAmountBNB":20,"uniswapv2buyprice":8389.03,"sushiswapv2buyprice":8367,"bakeryswapbuyprice":8483.8,"apeswapBuyPrice":8386.21,"uniswapv2sellprice":8346.52,"sushiswapv2sellprice":8342.1,"bakeryswapsellprice":8266.51,"apeswapsellprice":8340.47},{"block":11015584,"timestamp":1631949577,"swapAmountBNB":20,"uniswapv2buyprice":8389.03,"sushiswapv2buyprice":8367,"bakeryswapbuyprice":8483.8,"apeswapBuyPrice":8386.21,"uniswapv2sellprice":8346.57,"sushiswapv2sellprice":8342.1,"bakeryswapsellprice":8266.51,"apeswapsellprice":8340.47},{"block":11015585,"timestamp":1631949581,"swapAmountBNB":20,"uniswapv2buyprice":8388.74,"sushiswapv2buyprice":8367,"bakeryswapbuyprice":8483.8,"apeswapBuyPrice":8386.21,"uniswapv2sellprice":8346.28,"sushiswapv2sellprice":8342.1,"bakeryswapsellprice":8266.51,"apeswapsellprice":8340.47},{"block":11015585,"timestamp":1631949580,"swapAmountBNB":20,"uniswapv2buyprice":8388.58,"sushiswapv2buyprice":8367,"bakeryswapbuyprice":8483.8,"apeswapBuyPrice":8386.21,"uniswapv2sellprice":8346.28,"sushiswapv2sellprice":8342.1,"bakeryswapsellprice":8266.51,"apeswapsellprice":8340.47},{"block":11015586,"timestamp":1631949583,"swapAmountBNB":20,"uniswapv2buyprice":8388.58,"sushiswapv2buyprice":8367,"bakeryswapbuyprice":8483.8,"apeswapBuyPrice":8384.85,"uniswapv2sellprice":8346.12,"sushiswapv2sellprice":8342.1,"bakeryswapsellprice":8266.51,"apeswapsellprice":8340.47}]}