{"table":[{"block":11014411,"timestamp":1631946058,"swapAmountBNB":30,"uniswapv2buyprice":12565.78,"sushiswapv2buyprice":12550.28,"bakeryswapbuyprice":12746.14,"apeswapBuyPrice":12573.38,"uniswapv2sellprice":12501.76,"sushiswapv2sellprice":12506.81,"bakeryswapsellprice":12297.1,"apeswapsellprice":12495.66},{"block":11014412,"timestamp":1631946061,"swapAmountBNB":30,"uniswapv2buyprice":12565.79,"sushiswapv2buyprice":12550.28,"bakeryswapbuyprice":12746.14,"apeswapBuyPrice":12573.38,"uniswapv2sellprice":12501.77,"sushiswapv2sellprice":12506.81,"bakeryswapsellprice":12297.1,"apeswapsellprice":12495.66},{"block":11014413,"timestamp":1631946064,"swapAmountBNB":30,"uniswapv2buyprice":12565.87,"sushiswapv2buyprice":12550.28,"bakeryswapbuyprice":12746.14,"apeswapBuyPrice":12573.38,"uniswapv2sellprice":12501.84,"sushiswapv2sellprice":12506.81,"bakeryswapsellprice":12297.1,"apeswapsellprice":12495.66},{"block":11014414,"timestamp":1631946067,"swapAmountBNB":30,"uniswapv2buyprice":12565.7,"sushiswapv2buyprice":12550.28,"bakeryswapbuyprice":12746.14,"apeswapBuyPrice":12572.83,"uniswapv2sellprice":12501.68,"sushiswapv2sellprice":12506.81,"bakeryswapsellprice":12297.1,"apeswapsellprice":12495.11},{"block":11014415,"timestamp":1631946070,"swapAmountBNB":30,"uniswapv2buyprice":12565.74,"sushiswapv2buyprice":12550.28,"bakeryswapbuyprice":12746.14,"apeswapBuyPrice":12572.83,"uniswapv2sellprice":12501.72,"sushiswapv2sellprice":12506.81,"bakeryswapsellprice":12297.1,"apeswapsellprice":12495.11},{"block":11014416,"timestamp":1631946073,"swapAmountBNB":30,"uniswapv2buyprice":12565.76,"sushiswapv2buyprice":12550.28,"bakeryswapbuyprice":12746.14,"apeswapBuyPrice":12572.83,"uniswapv2sellprice":12501.74,"sushiswapv2sellprice":12506.81,"bakeryswapsellprice":12297.1,"apeswapsellprice":12495.11},{"block":11014417,"timestamp":1631946076,"swapAmountBNB":30,"uniswapv2buyprice":12565.75,"sushiswapv2buyprice":12550.28,"bakeryswapbuyprice":12746.14,"apeswapBuyPrice":12572.83,"uniswapv2sellprice":12501.72,"sushiswapv2sellprice":12506.81,"bakeryswapsellprice":12297.1,"apeswapsellprice":12495.11},{"block":11014418,"timestamp":1631946079,"swapAmountBNB":30,"uniswapv2buyprice":12565.75,"sushiswapv2buyprice":12550.28,"bakeryswapbuyprice":12746.14,"apeswapBuyPrice":12572.83,"uniswapv2sellprice":12501.73,"sushiswapv2sellprice":12506.81,"bakeryswapsellprice":12297.1,"apeswapsellprice":12495.11},{"block":11014419,"timestamp":1631946082,"swapAmountBNB":30,"uniswapv2buyprice":12565.65,"sushiswapv2buyprice":12550.28,"bakeryswapbuyprice":12746.14,"apeswapBuyPrice":12572.83,"uniswapv2sellprice":12501.63,"sushiswapv2sellprice":12506.81,"bakeryswapsellprice":12297.1,"apeswapsellprice":12495.11},{"block":11014420,"timestamp":1631946085,"swapAmountBNB":30,"uniswapv2buyprice":12565.61,"sushiswapv2buyprice":12550.28,"bakeryswapbuyprice":12746.14,"apeswapBuyPrice":12567.77,"uniswapv2sellprice":12501.59,"sushiswapv2sellprice":12506.81,"bakeryswapsellprice":12297.1,"apeswapsellprice":12490.1},{"block":11014421,"timestamp":1631946088,"swapAmountBNB":30,"uniswapv2buyprice":12565.62,"sushiswapv2buyprice":12550.28,"bakeryswapbuyprice":12746.14,"apeswapBuyPrice":12567.77,"uniswapv2sellprice":12501.6,"sushiswapv2sellprice":12506.81,"bakeryswapsellprice":12297.1,"apeswapsellprice":12490.1},{"block":11014422,"timestamp":1631946091,"swapAmountBNB":30,"uniswapv2buyprice":12565.57,"sushiswapv2buyprice":12550.28,"bakeryswapbuyprice":12746.14,"apeswapBuyPrice":12567.77,"uniswapv2sellprice":12501.55,"sushiswapv2sellprice":12506.81,"bakeryswapsellprice":12297.1,"apeswapsellprice":12490.1},{"block":11014423,"timestamp":1631946094,"swapAmountBNB":30,"uniswapv2buyprice":12565.59,"sushiswapv2buyprice":12550.28,"bakeryswapbuyprice":12746.14,"apeswapBuyPrice":12567.77,"uniswapv2sellprice":12501.57,"sushiswapv2sellprice":12506.81,"bakeryswapsellprice":12297.1,"apeswapsellprice":12490.1},{"block":11014424,"timestamp":1631946097,"swapAmountBNB":30,"uniswapv2buyprice":12565.54,"sushiswapv2buyprice":12550.28,"bakeryswapbuyprice":12746.14,"apeswapBuyPrice":12567.77,"uniswapv2sellprice":12501.52,"sushiswapv2sellprice":12506.81,"bakeryswapsellprice":12297.1,"apeswapsellprice":12490.1},{"block":11014425,"timestamp":1631946100,"swapAmountBNB":30,"uniswapv2buyprice":12565.54,"sushiswapv2buyprice":12550.01,"bakeryswapbuyprice":12746.14,"apeswapBuyPrice":12567.77,"uniswapv2sellprice":12501.52,"sushiswapv2sellprice":12506.55,"bakeryswapsellprice":12297.1,"apeswapsellprice":12490.1},{"block":11014426,"timestamp":1631946103,"swapAmountBNB":30,"uniswapv2buyprice":12564.5,"sushiswapv2buyprice":12550.01,"bakeryswapbuyprice":12746.14,"apeswapBuyPrice":12567.77,"uniswapv2sellprice":12500.49,"sushiswapv2sellprice":12506.55,"bakeryswapsellprice":12297.1,"apeswapsellprice":12490.1},{"block":11014427,"timestamp":1631946106,"swapAmountBNB":30,"uniswapv2buyprice":12564.5,"sushiswapv2buyprice":12550.01,"bakeryswapbuyprice":12746.14,"apeswapBuyPrice":12567.77,"uniswapv2sellprice":12500.49,"sushiswapv2sellprice":12506.55,"bakeryswapsellprice":12297.1,"apeswapsellprice":12490.1}]}